player_id,player_name,source,competition,season,game_date,opponent,result,date,min,pts,t2m,t2a,t2_pct,t3m,t3a,t3_pct,ftm,fta,ft_pct,reb_off,reb_def,reb,ast,stl,tov,blk,blk_against,fouls,fouls_received,plus_minus,val,team
P003842,Mathias Lessort,euroleague,EuroLeague,E2025,2026-05-13,Valencia Basket,D 64-81,2026-10-01,23.77,8.0,4.0,8.0,50.0,0.0,0.0,,0.0,0.0,,3.0,0.0,3.0,0.0,0.0,0.0,1.0,2.0,4.0,3.0,-20.0,5.0,Panathinaikos
P000848,Nemanja Nedović,euroleague,EuroLeague,E2025,2026-05-05,Olympiacos Piraeus,D 82-105,2026-10-01,14.27,2.0,1.0,1.0,100.0,0.0,4.0,0.0,0.0,0.0,,0.0,0.0,0.0,1.0,0.0,0.0,0.0,0.0,5.0,0.0,-20.0,-6.0,AS Monaco
5100,Dylan Osetkowski,aba,ABA League,2025-26,2026-06-12,Dubai Basketball,D 81-83,2026-10-01,28.73,10.0,2.0,2.0,100.0,2.0,6.0,33.3,0.0,0.0,0.0,0.0,2.0,2.0,0.0,0.0,0.0,0.0,,3.0,,6.0,6.0,Partizan Mozzart Bet
P009992,Darío Brizuela,euroleague,EuroLeague,E2025,2026-04-24,AS Monaco,D 70-79,2026-10-01,17.92,10.0,2.0,3.0,66.7,2.0,6.0,33.3,0.0,0.0,,0.0,0.0,0.0,1.0,2.0,1.0,0.0,1.0,4.0,1.0,-1.0,3.0,FC Barcelona
20209919,Darío Brizuela,acb,ACB,2025-26,,Leyma Coruña,V 119-101,2026-10-01,17.73,15.0,4.0,4.0,100.0,1.0,3.0,33.0,4.0,5.0,80.0,0.0,1.0,1.0,1.0,0.0,0.0,0.0,0.0,2.0,3.0,9.0,15.0,FC Barcelona
P011217,Kameron Taylor,euroleague,EuroLeague,E2025,2026-05-22,Real Madrid,D 90-105,2026-10-01,30.63,11.0,4.0,5.0,80.0,1.0,4.0,25.0,0.0,0.0,,3.0,3.0,6.0,4.0,0.0,5.0,0.0,0.0,4.0,4.0,-6.0,12.0,Valencia Basket
30001981,Kameron Taylor,acb,ACB,2025-26,,iLERNA Lleida,D 100-105,2026-10-01,25.8,13.0,3.0,6.0,50.0,2.0,4.0,50.0,1.0,3.0,33.0,1.0,4.0,5.0,6.0,1.0,1.0,0.0,0.0,2.0,3.0,-5.0,18.0,Valencia Basket
20210659,Giorgi Shermadini,acb,ACB,2025-26,,Casademont Zgz,D 80-81,2026-10-01,18.57,5.0,2.0,5.0,40.0,0.0,0.0,0.0,1.0,1.0,100.0,1.0,3.0,4.0,0.0,0.0,1.0,0.0,0.0,2.0,1.0,-3.0,4.0,Lenovo Tenerife
20210707,Rubén Guerrero,acb,ACB,2025-26,,Kosner Baskonia,D 97-98,2026-10-01,7.37,4.0,2.0,3.0,67.0,0.0,0.0,0.0,0.0,0.0,0.0,1.0,1.0,2.0,0.0,0.0,0.0,0.0,1.0,0.0,1.0,-2.0,5.0,MoraBanc Andorra
P003840,Axel Bouteille,eurocup,EuroCup,U2025,2026-03-11,U-BT Cluj-Napoca,D 82-100,2026-10-01,13.55,8.0,1.0,2.0,50.0,1.0,4.0,25.0,3.0,3.0,100.0,0.0,2.0,2.0,0.0,0.0,0.0,1.0,0.0,2.0,1.0,-8.0,6.0,Budućnost VOLI
5073,Axel Bouteille,aba,ABA League,2025-26,2026-05-28,Dubai Basketball,D 77-103,2026-10-01,17.03,6.0,0.0,0.0,0.0,2.0,7.0,28.6,0.0,0.0,0.0,0.0,2.0,2.0,0.0,0.0,3.0,0.0,,3.0,,-25.0,-3.0,Budućnost VOLI
1076,Dragan Milosavljević,aba,ABA League,2025-26,2026-05-03,Spartak Office Shoes,D 68-80,2026-10-01,11.12,4.0,1.0,2.0,50.0,0.0,1.0,0.0,2.0,2.0,100.0,0.0,1.0,1.0,2.0,0.0,2.0,0.0,,3.0,,-6.0,2.0,Igokea m:tel
ESTUDIANTES/GRANGER,Jayson Granger,feb,LEB Oro,2025-26,2026-06-07,Leyma Coruña,D 97-100,2026-10-01,34.13,17.0,2.0,6.0,33.3,3.0,8.0,37.5,4.0,4.0,100.0,0.0,1.0,1.0,3.0,0.0,1.0,0.0,0.0,2.0,5.0,-7.0,14.0,CB Estudiantes
ESTUDIANTES/SALIN,Sasu Salin,feb,LEB Oro,2025-26,2026-06-07,Leyma Coruña,D 97-100,2026-10-01,6.07,0.0,0.0,1.0,0.0,0.0,1.0,0.0,0.0,0.0,0.0,1.0,0.0,1.0,0.0,0.0,0.0,0.0,0.0,0.0,0.0,-3.0,-1.0,CB Estudiantes
P008052,Kyle Wiltjer,eurocup,EuroCup,U2025,2026-03-11,Dolomiti Energia Trento,D 90-94,2026-10-01,25.03,16.0,7.0,12.0,58.3,0.0,4.0,0.0,2.0,2.0,100.0,3.0,4.0,7.0,0.0,0.0,1.0,0.0,0.0,3.0,2.0,-6.0,12.0,Umana Reyer Venezia
20204124,Jaime Fernández,acb,ACB,2025-26,,Casademont Zgz,D 80-81,2026-10-01,17.12,10.0,0.0,3.0,0.0,2.0,3.0,67.0,4.0,4.0,100.0,0.0,2.0,2.0,2.0,0.0,2.0,0.0,1.0,2.0,2.0,9.0,7.0,Lenovo Tenerife
20211625,Tim Abromaitis,acb,ACB,2025-26,,Casademont Zgz,D 80-81,2026-10-01,21.1,7.0,2.0,3.0,67.0,1.0,4.0,25.0,0.0,0.0,0.0,3.0,7.0,10.0,0.0,1.0,0.0,0.0,0.0,2.0,1.0,11.0,13.0,Lenovo Tenerife
30000049,Melvin Ejim,acb,ACB,2025-26,,iLERNA Lleida,D 100-105,2026-10-01,19.17,9.0,3.0,3.0,100.0,0.0,4.0,0.0,3.0,4.0,75.0,1.0,2.0,3.0,2.0,0.0,3.0,0.0,0.0,4.0,4.0,-6.0,6.0,Hiopos Lleida
20210585,Francis Alonso,acb,ACB,2025-26,,Asisa Joventut,V 28-25,2026-10-01,26.72,14.0,2.0,5.0,40.0,2.0,3.0,67.0,4.0,4.0,100.0,1.0,2.0,3.0,5.0,1.0,0.0,0.0,1.0,0.0,3.0,4.0,21.0,Río Breogán
20204156,Dani Díez,acb,ACB,2025-26,,Kosner Baskonia,D 97-98,2026-10-01,19.08,4.0,1.0,3.0,33.0,0.0,0.0,0.0,2.0,2.0,100.0,0.0,9.0,9.0,2.0,0.0,0.0,0.0,0.0,0.0,1.0,9.0,14.0,San Pablo Burgos
3857,Aleksa Avramović,aba,ABA League,2025-26,2026-06-12,Partizan Mozzart Bet,V 83-81,2026-10-01,16.23,15.0,3.0,5.0,60.0,1.0,4.0,25.0,6.0,7.0,85.7,0.0,0.0,0.0,3.0,3.0,1.0,0.0,,3.0,,1.0,14.0,Dubai Basketball
30003967,Xavier Castañeda,acb,ACB,2025-26,2026-04-26,Coviran Granada,D 89-86,2026-10-01,20.63,8.0,1.0,4.0,25.0,0.0,3.0,0.0,6.0,6.0,100.0,1.0,1.0,2.0,0.0,0.0,0.0,0.0,0.0,2.0,4.0,-11.0,6.0,MoraBanc Andorra
